{
  "train_loss": [
    0.4520526878535748,
    0.0349408314563334,
    0.030095079001039266,
    0.030320486016571523,
    0.023442557603120803,
    0.02132486873306334,
    0.012162996996194124,
    0.01365102359908633,
    0.0073445825895760205,
    0.006191254027362448,
    0.007901613962603733,
    0.0051535898423753675,
    0.01342518238525372,
    0.014742423914140091,
    0.011697020187275484,
    0.0041936868138145655,
    0.0037074489636870567,
    0.018756060435116524,
    0.03161129425745458,
    0.05990028411266394,
    0.014716469642298762,
    0.010597410786576802,
    0.013397080742724938,
    0.01399467252282193,
    0.004193443931289949,
    0.003998390739325259,
    0.006667163415695541,
    0.0015398963806364917,
    0.0042341453480366905,
    0.009532886811430217,
    0.02072860520476752,
    0.015824035419855137,
    0.008399870015564375,
    0.007654546335688792,
    0.015045889212269686,
    0.00740890113345813,
    0.003611026436992688,
    0.0008506442180805607,
    0.006387350171935396,
    0.0005820805316216138,
    0.0007724711053469946,
    0.002010282924729836,
    0.0006009724479736178,
    0.0007054414615777205,
    0.001570876949263038,
    0.0010339271096745505,
    0.00259698396170279,
    0.0007788122321198899,
    0.0028925326866374233,
    0.001967318075658113
  ],
  "train_acc": [
    86.5,
    99.625,
    99.5,
    99.375,
    99.375,
    99.5,
    99.75,
    99.75,
    99.75,
    99.875,
    99.75,
    99.875,
    99.75,
    99.625,
    99.625,
    99.75,
    99.875,
    99.5,
    99.0,
    98.25,
    99.5,
    99.75,
    99.625,
    99.5,
    100.0,
    100.0,
    99.75,
    100.0,
    99.875,
    99.75,
    99.0,
    99.5,
    99.625,
    99.75,
    99.625,
    99.75,
    99.875,
    100.0,
    99.75,
    100.0,
    100.0,
    99.875,
    100.0,
    100.0,
    100.0,
    100.0,
    99.875,
    100.0,
    99.875,
    99.875
  ],
  "val_loss": [
    0.08205326380474227,
    0.03524586707187284,
    0.01409233980562671,
    0.017173766013002023,
    0.006848914768072843,
    0.0047835720885944155,
    0.004084965654848409,
    0.004084149727922133,
    0.0025318960573973265,
    0.0029775782407211538,
    0.0006835423422931594,
    0.0008776648114040394,
    0.0017241776409459167,
    0.0007187631267048086,
    0.0003678431855535434,
    0.0006053312007939635,
    0.00018551020366430748,
    0.0003189420893769628,
    0.0024795153187499508,
    0.0007930726706035784,
    6.130729470653153e-05,
    0.00018912895753179067,
    0.00018515145563924307,
    0.00029858020879000184,
    0.00017155950728562987,
    5.006755223543483e-05,
    6.185381216385264e-05,
    5.726729328005474e-05,
    1.5605665400439e-05,
    5.480134183041433e-05,
    1.8740573318203652e-05,
    2.4379141190625626e-05,
    0.00010149108129451991,
    0.00033129310837206764,
    8.361768251217785e-05,
    7.502578435885405e-05,
    4.360648641212249e-05,
    3.6535175240207506e-05,
    2.774021413541407e-05,
    2.6093678179961444e-05,
    1.8996455764736758e-05,
    2.5467148848434817e-05,
    1.7732865671352522e-05,
    2.7775868666931762e-05,
    1.4461253937955324e-05,
    2.6644287312344822e-05,
    2.5099038144230485e-05,
    2.4220632829395428e-05,
    2.409985245309189e-05,
    2.4515328212539244e-05
  ],
  "val_acc": [
    100.0,
    100.0,
    100.0,
    100.0,
    100.0,
    100.0,
    100.0,
    100.0,
    100.0,
    100.0,
    100.0,
    100.0,
    100.0,
    100.0,
    100.0,
    100.0,
    100.0,
    100.0,
    100.0,
    100.0,
    100.0,
    100.0,
    100.0,
    100.0,
    100.0,
    100.0,
    100.0,
    100.0,
    100.0,
    100.0,
    100.0,
    100.0,
    100.0,
    100.0,
    100.0,
    100.0,
    100.0,
    100.0,
    100.0,
    100.0,
    100.0,
    100.0,
    100.0,
    100.0,
    100.0,
    100.0,
    100.0,
    100.0,
    100.0,
    100.0
  ]
}